From number,To number,Admin profit,Service provider profit,Organization profit,Call started,Call answered,Call type,Call disposition,Duration,Cost,Profit,Flow,Application,Organization,User,Service provider,Channel prefix,Channel name,Caller ID
0721*999,004916099855999,0.010537,-0.010537,0,2024-10-01 06:25:12,2024-10-01 06:25:18,out,ANSWERED,58,0,0.010537,out,Dial,Lindenberg,Hotel,SIPNow,004916099855999,colt telecom,"Hotel 001 Hotel" <+4969506086050>
0721*999,03052002076,0.070167,-0.070167,0,2024-10-01 07:28:43,2024-10-01 07:28:45,out,ANSWERED,421,0,0.070167,out,Dial,Lindenberg,Hotel,SIPNow,03052002076,colt telecom,"Hotel 001 Hotel" <+4969506086050>
0721*999,0033141057911,0.1513,-0.1513,0,2024-10-01 09:33:10,2024-10-01 09:33:11,out,ANSWERED,267,0,0.1513,out,Dial,Lindenberg,Hotel,SIPNow,0033141057911,colt telecom,"Hotel 001 Hotel" <+4969506086050>
0721*999,00442071512460,0.007933,-0.007933,0,2024-10-01 09:52:25,2024-10-01 09:52:26,out,ANSWERED,14,0,0.007933,out,Dial,Lindenberg,Hotel,SIPNow,00442071512460,colt telecom,"Hotel 001 Hotel" <+4969506086050>
0721*999,0694940902,0.026,-0.026,0,2024-10-01 09:54:07,2024-10-01 09:54:17,out,ANSWERED,156,0,0.026,out,Dial,Lindenberg,Hotel,SIPNow,0694940902,colt telecom,"Hotel 001 Hotel" <+4969506086050>
0721*999,0033141057911,0.1513,-0.1513,0,2024-10-01 11:01:44,2024-10-01 11:01:45,out,ANSWERED,267,0,0.1513,out,Dial,Lindenberg,Hotel,SIPNow,0033141057911,colt telecom,"Hotel 001 Hotel" <+4969506086050>
0721*999,0033141057911,0.134867,-0.134867,0,2024-10-01 12:28:18,2024-10-01 12:28:19,out,ANSWERED,238,0,0.134867,out,Dial,Lindenberg,Hotel,SIPNow,0033141057911,colt telecom,"Hotel 001 Hotel" <+4969506086050>
0721*999,00331410579999,0.0595,-0.0595,0,2024-10-01 16:26:53,2024-10-01 16:26:55,out,ANSWERED,105,0,0.0595,out,Dial,Lindenberg,Hotel,SIPNow,00331410579999,colt telecom,"Hotel 001 Hotel" <+4969506086050>
0721*999,0033141057911,0.007367,-0.007367,0,2024-10-01 17:13:52,2024-10-01 17:13:53,out,ANSWERED,13,0,0.007367,out,Dial,Lindenberg,Hotel,SIPNow,0033141057911,colt telecom,"Hotel 001 Hotel" <+4969506086050>
0721*999,0033141057911,0.121267,-0.121267,0,2024-10-02 08:49:02,2024-10-02 08:49:03,out,ANSWERED,214,0,0.121267,out,Dial,Lindenberg,Hotel,SIPNow,0033141057911,colt telecom,"Hotel 001 Hotel" <+4969506086050>
0721*999,015251022904,0.033063,-0.033063,0,2024-10-02 08:50:55,2024-10-02 08:51:09,out,ANSWERED,182,0,0.033063,out,Dial,Lindenberg,Hotel,SIPNow,015251022904,colt telecom,"Hotel 001 Hotel" <+4969506086050>
0721*999,0033141057911,0.225533,-0.225533,0,2024-10-02 09:23:51,2024-10-02 09:23:52,out,ANSWERED,398,0,0.225533,out,Dial,Lindenberg,Hotel,SIPNow,0033141057911,colt telecom,"Hotel 001 Hotel" <+4969506086050>
0721*999,0033141057911,0.325834,-0.325834,0,2024-10-02 09:30:56,2024-10-02 09:30:57,out,ANSWERED,575,0,0.325834,out,Dial,Lindenberg,Hotel,SIPNow,0033141057911,colt telecom,"Hotel 001 Hotel" <+4969506086050>
0721*999,0033141057911,0.209667,-0.209667,0,2024-10-02 09:55:36,2024-10-02 09:55:37,out,ANSWERED,370,0,0.209667,out,Dial,Lindenberg,Hotel,SIPNow,0033141057911,colt telecom,"Hotel 001 Hotel" <+4969506086050>
0721*999,0033141057911,0.191533,-0.191533,0,2024-10-02 11:54:30,2024-10-02 11:54:31,out,ANSWERED,338,0,0.191533,out,Dial,Lindenberg,Hotel,SIPNow,0033141057911,colt telecom,"Hotel 001 Hotel" <+4969506086050>
0721*999,0033141057911,0.115033,-0.115033,0,2024-10-02 12:59:21,2024-10-02 12:59:22,out,ANSWERED,203,0,0.115033,out,Dial,Lindenberg,Hotel,SIPNow,0033141057911,colt telecom,"Hotel 001 Hotel" <+4969506086050>
0721*999,00494216367492,0.0225,-0.0225,0,2024-10-02 14:49:56,2024-10-02 14:50:07,out,ANSWERED,135,0,0.0225,out,Dial,Lindenberg,Hotel,SIPNow,00494216367492,colt telecom,"Hotel 001 Hotel" <+4969506086050>
0721*999,0033141057911,0.009067,-0.009067,0,2024-10-03 06:00:56,2024-10-03 06:00:57,out,ANSWERED,16,0,0.009067,out,Dial,Lindenberg,Hotel,SIPNow,0033141057911,colt telecom,"Hotel 001 Hotel" <+4969506086050>
0721*999,0033141057912,0.2006,-0.2006,0,2024-10-03 09:10:16,2024-10-03 09:10:18,out,ANSWERED,354,0,0.2006,out,Dial,Lindenberg,Hotel,SIPNow,0033141057912,colt telecom,"Hotel 001 Hotel" <+4969506086050>
0721*999,0033141057911,0.111067,-0.111067,0,2024-10-04 08:06:49,2024-10-04 08:06:50,out,ANSWERED,196,0,0.111067,out,Dial,Lindenberg,Hotel,SIPNow,0033141057911,colt telecom,"Hotel 001 Hotel" <+4969506086050>
0721*999,0033141057911,0.005667,-0.005667,0,2024-10-04 08:13:59,2024-10-04 08:14:00,out,ANSWERED,10,0,0.005667,out,Dial,Lindenberg,Hotel,SIPNow,0033141057911,colt telecom,"Hotel 001 Hotel" <+4969506086050>
0721*999,0033141057911,0.391567,-0.391567,0,2024-10-04 08:21:04,2024-10-04 08:21:05,out,ANSWERED,691,0,0.391567,out,Dial,Lindenberg,Hotel,SIPNow,0033141057911,colt telecom,"Hotel 001 Hotel" <+4969506086050>
0721*999,0033141057911,0.129767,-0.129767,0,2024-10-04 08:55:58,2024-10-04 08:55:59,out,ANSWERED,229,0,0.129767,out,Dial,Lindenberg,Hotel,SIPNow,0033141057911,colt telecom,"Hotel 001 Hotel" <+4969506086050>
0721*999,0033141057911,0.485067,-0.485067,0,2024-10-04 11:57:58,2024-10-04 11:57:59,out,ANSWERED,856,0,0.485067,out,Dial,Lindenberg,Hotel,SIPNow,0033141057911,colt telecom,"Hotel 001 Hotel" <+4969506086050>
0721*999,0033141057911,0.142233,-0.142233,0,2024-10-04 12:29:33,2024-10-04 12:29:34,out,ANSWERED,251,0,0.142233,out,Dial,Lindenberg,Hotel,SIPNow,0033141057911,colt telecom,"Hotel 001 Hotel" <+4969506086050>
0721*999,0033141057911,0.013033,-0.013033,0,2024-10-04 16:36:50,2024-10-04 16:36:51,out,ANSWERED,23,0,0.013033,out,Dial,Lindenberg,Hotel,SIPNow,0033141057911,colt telecom,"Hotel 001 Hotel" <+4969506086050>
0721*999,0033141057911,0.018133,-0.018133,0,2024-10-05 08:20:39,2024-10-05 08:20:40,out,ANSWERED,32,0,0.018133,out,Dial,Lindenberg,Hotel,SIPNow,0033141057911,colt telecom,"Hotel 001 Hotel" <+4969506086050>
0721*999,0033141057911,0.0085,-0.0085,0,2024-10-05 15:41:22,2024-10-05 15:41:23,out,ANSWERED,15,0,0.0085,out,Dial,Lindenberg,Hotel,SIPNow,0033141057911,colt telecom,"Hotel 001 Hotel" <+4969506086050>
0721*999,0033141057911,0.0153,-0.0153,0,2024-10-05 16:14:43,2024-10-05 16:14:44,out,ANSWERED,27,0,0.0153,out,Dial,Lindenberg,Hotel,SIPNow,0033141057911,colt telecom,"Hotel 001 Hotel" <+4969506086050>
0721*999,0033141057911,0.010767,-0.010767,0,2024-10-05 16:39:29,2024-10-05 16:39:30,out,ANSWERED,19,0,0.010767,out,Dial,Lindenberg,Hotel,SIPNow,0033141057911,colt telecom,"Hotel 001 Hotel" <+4969506086050>
0721*999,0033141057911,0.0136,-0.0136,0,2024-10-05 18:39:22,2024-10-05 18:39:23,out,ANSWERED,24,0,0.0136,out,Dial,Lindenberg,Hotel,SIPNow,0033141057911,colt telecom,"Hotel 001 Hotel" <+4969506086050>
0721*999,0033141057911,0.005667,-0.005667,0,2024-10-06 02:56:37,2024-10-06 02:56:38,out,ANSWERED,10,0,0.005667,out,Dial,Lindenberg,Hotel,SIPNow,0033141057911,colt telecom,"Hotel 001 Hotel" <+4969506086050>
0721*999,0033141057911,0.007933,-0.007933,0,2024-10-06 11:31:11,2024-10-06 11:31:12,out,ANSWERED,14,0,0.007933,out,Dial,Lindenberg,Hotel,SIPNow,0033141057911,colt telecom,"Hotel 001 Hotel" <+4969506086050>
0721*999,017642135610,0.005813,-0.005813,0,2024-10-06 16:21:17,2024-10-06 16:21:36,out,ANSWERED,32,0,0.005813,out,Dial,Lindenberg,Hotel,SIPNow,017642135610,colt telecom,"Hotel 001 Hotel" <+4969506086050>
0721*999,004916098547861,0.000363,-0.000363,0,2024-10-06 16:36:59,2024-10-06 16:37:21,out,ANSWERED,2,0,0.000363,out,Dial,Lindenberg,Hotel,SIPNow,004916098547861,colt telecom,"Hotel 001 Hotel" <+4969506086050>
0721*999,0033141057911,0.268033,-0.268033,0,2024-10-07 07:31:21,2024-10-07 07:31:22,out,ANSWERED,473,0,0.268033,out,Dial,Lindenberg,Hotel,SIPNow,0033141057911,colt telecom,"Hotel 001 Hotel" <+4969506086050>
0721*999,0033141057912,0.017,-0.017,0,2024-10-07 09:21:57,2024-10-07 09:21:59,out,ANSWERED,30,0,0.017,out,Dial,Lindenberg,Hotel,SIPNow,0033141057912,colt telecom,"Hotel 001 Hotel" <+4969506086050>
0721*999,0033141057911,0.158667,-0.158667,0,2024-10-07 09:29:43,2024-10-07 09:29:44,out,ANSWERED,280,0,0.158667,out,Dial,Lindenberg,Hotel,SIPNow,0033141057911,colt telecom,"Hotel 001 Hotel" <+4969506086050>
0721*999,0033141057911,0.126933,-0.126933,0,2024-10-07 13:07:50,2024-10-07 13:07:51,out,ANSWERED,224,0,0.126933,out,Dial,Lindenberg,Hotel,SIPNow,0033141057911,colt telecom,"Hotel 001 Hotel" <+4969506086050>
0721*999,0033141057911,0.519634,-0.519634,0,2024-10-08 09:54:32,2024-10-08 09:54:34,out,ANSWERED,917,0,0.519634,out,Dial,Lindenberg,Hotel,SIPNow,0033141057911,colt telecom,"Hotel 001 Hotel" <+4969506086050>
0721*999,0033141057911,0.1632,-0.1632,0,2024-10-08 14:27:04,2024-10-08 14:27:05,out,ANSWERED,288,0,0.1632,out,Dial,Lindenberg,Hotel,SIPNow,0033141057911,colt telecom,"Hotel 001 Hotel" <+4969506086050>
0721*999,03088591031,0.000667,-0.000667,0,2024-10-08 14:35:29,2024-10-08 14:35:31,out,ANSWERED,4,0,0.000667,out,Dial,Lindenberg,Hotel,SIPNow,03088591031,colt telecom,"Hotel 001 Hotel" <+4969506086050>
0721*999,03088591031,0.000333,-0.000333,0,2024-10-08 14:36:05,2024-10-08 14:36:07,out,ANSWERED,2,0,0.000333,out,Dial,Lindenberg,Hotel,SIPNow,03088591031,colt telecom,"Hotel 001 Hotel" <+4969506086050>
0721*999,0033141057999,0.2261,-0.2261,0,2024-10-09 08:26:32,2024-10-09 08:26:35,out,ANSWERED,399,0,0.2261,out,Dial,Lindenberg,Hotel,SIPNow,0033141057999,colt telecom,"Hotel 001 Hotel" <+4969506086050>
0721*999,0033141057999,0.619934,-0.619934,0,2024-10-09 08:48:41,2024-10-09 08:48:44,out,ANSWERED,1094,0,0.619934,out,Dial,Lindenberg,Hotel,SIPNow,0033141057999,colt telecom,"Hotel 001 Hotel" <+4969506086050>
0721*999,0033141057911,0.088967,-0.088967,0,2024-10-09 11:32:30,2024-10-09 11:32:31,out,ANSWERED,157,0,0.088967,out,Dial,Lindenberg,Hotel,SIPNow,0033141057911,colt telecom,"Hotel 001 Hotel" <+4969506086050>
0721*999,0033141057999,0.795034,-0.795034,0,2024-10-09 11:57:31,2024-10-09 11:57:34,out,ANSWERED,1403,0,0.795034,out,Dial,Lindenberg,Hotel,SIPNow,0033141057999,colt telecom,"Hotel 001 Hotel" <+4969506086050>
0721*999,0033141057911,0.2142,-0.2142,0,2024-10-09 13:22:37,2024-10-09 13:22:38,out,ANSWERED,378,0,0.2142,out,Dial,Lindenberg,Hotel,SIPNow,0033141057911,colt telecom,"Hotel 001 Hotel" <+4969506086050>
0721*999,01797070041,0.011627,-0.011627,0,2024-10-09 13:34:56,2024-10-09 13:35:03,out,ANSWERED,64,0,0.011627,out,Dial,Lindenberg,Hotel,SIPNow,01797070041,colt telecom,"Hotel 001 Hotel" <+4969506086050>
0721*999,0033141057911,0.354167,-0.354167,0,2024-10-09 14:01:40,2024-10-09 14:01:41,out,ANSWERED,625,0,0.354167,out,Dial,Lindenberg,Hotel,SIPNow,0033141057911,colt telecom,"Hotel 001 Hotel" <+4969506086050>
0721*999,0033141057912,0.133167,-0.133167,0,2024-10-09 15:46:40,2024-10-09 15:46:42,out,ANSWERED,235,0,0.133167,out,Dial,Lindenberg,Hotel,SIPNow,0033141057912,colt telecom,"Hotel 001 Hotel" <+4969506086050>
0721*999,01734824985,0.003815,-0.003815,0,2024-10-09 16:55:38,2024-10-09 16:55:48,out,ANSWERED,21,0,0.003815,out,Dial,Lindenberg,Hotel,SIPNow,01734824985,colt telecom,"Hotel 001 Hotel" <+4969506086050>
0721*999,0033141057911,0.007367,-0.007367,0,2024-10-09 17:29:33,2024-10-09 17:29:34,out,ANSWERED,13,0,0.007367,out,Dial,Lindenberg,Hotel,SIPNow,0033141057911,colt telecom,"Hotel 001 Hotel" <+4969506086050>
0721*999,0033141057911,0.014733,-0.014733,0,2024-10-09 18:32:45,2024-10-09 18:32:47,out,ANSWERED,26,0,0.014733,out,Dial,Lindenberg,Hotel,SIPNow,0033141057911,colt telecom,"Hotel 001 Hotel" <+4969506086050>
0721*999,015254074771,0.003452,-0.003452,0,2024-10-09 20:34:40,2024-10-09 20:34:48,out,ANSWERED,19,0,0.003452,out,Dial,Lindenberg,Hotel,SIPNow,015254074771,colt telecom,"Hotel 001 Hotel" <+4969506086050>
0721*999,015168649529,0.032518,-0.032518,0,2024-10-10 14:07:16,2024-10-10 14:07:23,out,ANSWERED,179,0,0.032518,out,Dial,Lindenberg,Hotel,SIPNow,015168649529,colt telecom,"Hotel 001 Hotel" <+4969506086050>
0721*999,00491733456724,0.017077,-0.017077,0,2024-10-10 16:24:43,2024-10-10 16:24:54,out,ANSWERED,94,0,0.017077,out,Dial,Lindenberg,Hotel,SIPNow,00491733456724,colt telecom,"Hotel 001 Hotel" <+4969506086050>
0721*999,0033141057911,0.0068,-0.0068,0,2024-10-10 16:29:06,2024-10-10 16:29:07,out,ANSWERED,12,0,0.0068,out,Dial,Lindenberg,Hotel,SIPNow,0033141057911,colt telecom,"Hotel 001 Hotel" <+4969506086050>
0721*999,015112215252,0.000545,-0.000545,0,2024-10-11 06:56:33,2024-10-11 06:56:52,out,ANSWERED,3,0,0.000545,out,Dial,Lindenberg,Hotel,SIPNow,015112215252,colt telecom,"Hotel 001 Hotel" <+4969506086050>
0721*999,015112215252,0.000545,-0.000545,0,2024-10-11 06:57:14,2024-10-11 06:57:31,out,ANSWERED,3,0,0.000545,out,Dial,Lindenberg,Hotel,SIPNow,015112215252,colt telecom,"Hotel 001 Hotel" <+4969506086050>
0721*999,0033141057911,0.053833,-0.053833,0,2024-10-11 08:29:10,2024-10-11 08:29:11,out,ANSWERED,95,0,0.053833,out,Dial,Lindenberg,Hotel,SIPNow,0033141057911,colt telecom,"Hotel 001 Hotel" <+4969506086050>
0721*999,004960749147900,0.023,-0.023,0,2024-10-11 08:42:04,2024-10-11 08:42:15,out,ANSWERED,138,0,0.023,out,Dial,Lindenberg,Hotel,SIPNow,004960749147900,colt telecom,"Hotel 001 Hotel" <+4969506086050>
0721*999,0033141057911,0.673767,-0.673767,0,2024-10-11 08:37:33,2024-10-11 08:37:34,out,ANSWERED,1189,0,0.673767,out,Dial,Lindenberg,Hotel,SIPNow,0033141057911,colt telecom,"Hotel 001 Hotel" <+4969506086050>
0721*999,0033141057911,0.020967,-0.020967,0,2024-10-11 09:32:20,2024-10-11 09:32:21,out,ANSWERED,37,0,0.020967,out,Dial,Lindenberg,Hotel,SIPNow,0033141057911,colt telecom,"Hotel 001 Hotel" <+4969506086050>
0721*999,0033141057911,0.109933,-0.109933,0,2024-10-11 11:54:16,2024-10-11 11:54:18,out,ANSWERED,194,0,0.109933,out,Dial,Lindenberg,Hotel,SIPNow,0033141057911,colt telecom,"Hotel 001 Hotel" <+4969506086050>
0721*999,0033141057911,0.130333,-0.130333,0,2024-10-11 13:27:51,2024-10-11 13:27:52,out,ANSWERED,230,0,0.130333,out,Dial,Lindenberg,Hotel,SIPNow,0033141057911,colt telecom,"Hotel 001 Hotel" <+4969506086050>
0721*999,0033141057911,0.0136,-0.0136,0,2024-10-11 16:07:59,2024-10-11 16:08:00,out,ANSWERED,24,0,0.0136,out,Dial,Lindenberg,Hotel,SIPNow,0033141057911,colt telecom,"Hotel 001 Hotel" <+4969506086050>
0721*999,0033141057911,0.005667,-0.005667,0,2024-10-12 05:37:01,2024-10-12 05:37:02,out,ANSWERED,10,0,0.005667,out,Dial,Lindenberg,Hotel,SIPNow,0033141057911,colt telecom,"Hotel 001 Hotel" <+4969506086050>
0721*999,0033141057911,0.000567,-0.000567,0,2024-10-12 07:39:04,2024-10-12 07:39:10,out,ANSWERED,1,0,0.000567,out,Dial,Lindenberg,Hotel,SIPNow,0033141057911,colt telecom,"Hotel 001 Hotel" <+4969506086050>
0721*999,0033141057911,0.006233,-0.006233,0,2024-10-12 07:44:43,2024-10-12 07:44:44,out,ANSWERED,11,0,0.006233,out,Dial,Lindenberg,Hotel,SIPNow,0033141057911,colt telecom,"Hotel 001 Hotel" <+4969506086050>
0721*999,0033141057911,0.051,-0.051,0,2024-10-12 08:58:19,2024-10-12 08:58:20,out,ANSWERED,90,0,0.051,out,Dial,Lindenberg,Hotel,SIPNow,0033141057911,colt telecom,"Hotel 001 Hotel" <+4969506086050>
0721*999,0033141057911,0.0578,-0.0578,0,2024-10-12 09:00:12,2024-10-12 09:00:13,out,ANSWERED,102,0,0.0578,out,Dial,Lindenberg,Hotel,SIPNow,0033141057911,colt telecom,"Hotel 001 Hotel" <+4969506086050>
0721*999,017644206291,0.005268,-0.005268,0,2024-10-12 15:15:07,2024-10-12 15:15:18,out,ANSWERED,29,0,0.005268,out,Dial,Lindenberg,Hotel,SIPNow,017644206291,colt telecom,"Hotel 001 Hotel" <+4969506086050>
0721*999,0033141057912,0.1411,-0.1411,0,2024-10-12 15:14:15,2024-10-12 15:14:17,out,ANSWERED,249,0,0.1411,out,Dial,Lindenberg,Hotel,SIPNow,0033141057912,colt telecom,"Hotel 001 Hotel" <+4969506086050>
0721*999,0033141057912,0.0561,-0.0561,0,2024-10-12 15:25:55,2024-10-12 15:25:57,out,ANSWERED,99,0,0.0561,out,Dial,Lindenberg,Hotel,SIPNow,0033141057912,colt telecom,"Hotel 001 Hotel" <+4969506086050>
0721*999,01752494353,0.004905,-0.004905,0,2024-10-12 15:58:47,2024-10-12 15:58:59,out,ANSWERED,27,0,0.004905,out,Dial,Lindenberg,Hotel,SIPNow,01752494353,colt telecom,"Hotel 001 Hotel" <+4969506086050>
0721*999,0033141057911,0.0153,-0.0153,0,2024-10-12 20:50:24,2024-10-12 20:50:25,out,ANSWERED,27,0,0.0153,out,Dial,Lindenberg,Hotel,SIPNow,0033141057911,colt telecom,"Hotel 001 Hotel" <+4969506086050>
0721*999,0033141057911,0.0068,-0.0068,0,2024-10-13 09:04:08,2024-10-13 09:04:09,out,ANSWERED,12,0,0.0068,out,Dial,Lindenberg,Hotel,SIPNow,0033141057911,colt telecom,"Hotel 001 Hotel" <+4969506086050>
0721*999,0033141057911,0.0085,-0.0085,0,2024-10-13 12:50:47,2024-10-13 12:50:48,out,ANSWERED,15,0,0.0085,out,Dial,Lindenberg,Hotel,SIPNow,0033141057911,colt telecom,"Hotel 001 Hotel" <+4969506086050>
0721*999,0033141057911,0.0255,-0.0255,0,2024-10-13 14:02:43,2024-10-13 14:02:44,out,ANSWERED,45,0,0.0255,out,Dial,Lindenberg,Hotel,SIPNow,0033141057911,colt telecom,"Hotel 001 Hotel" <+4969506086050>
0721*999,015174452608,0.000545,-0.000545,0,2024-10-13 17:42:44,2024-10-13 17:42:45,out,ANSWERED,3,0,0.000545,out,Dial,Lindenberg,Hotel,SIPNow,015174452608,colt telecom,"Hotel 001 Hotel" <+4969506086050>
0721*999,0033141057911,0.0255,-0.0255,0,2024-10-13 18:52:03,2024-10-13 18:52:05,out,ANSWERED,45,0,0.0255,out,Dial,Lindenberg,Hotel,SIPNow,0033141057911,colt telecom,"Hotel 001 Hotel" <+4969506086050>
0721*999,0033141057911,0.009633,-0.009633,0,2024-10-13 19:13:43,2024-10-13 19:13:44,out,ANSWERED,17,0,0.009633,out,Dial,Lindenberg,Hotel,SIPNow,0033141057911,colt telecom,"Hotel 001 Hotel" <+4969506086050>
0721*999,0033141057911,0.0833,-0.0833,0,2024-10-14 11:10:16,2024-10-14 11:10:18,out,ANSWERED,147,0,0.0833,out,Dial,Lindenberg,Hotel,SIPNow,0033141057911,colt telecom,"Hotel 001 Hotel" <+4969506086050>
0721*999,0033141057911,0.251033,-0.251033,0,2024-10-14 14:15:55,2024-10-14 14:15:57,out,ANSWERED,443,0,0.251033,out,Dial,Lindenberg,Hotel,SIPNow,0033141057911,colt telecom,"Hotel 001 Hotel" <+4969506086050>
0721*999,0033141057911,0.1734,-0.1734,0,2024-10-14 15:19:35,2024-10-14 15:19:36,out,ANSWERED,306,0,0.1734,out,Dial,Lindenberg,Hotel,SIPNow,0033141057911,colt telecom,"Hotel 001 Hotel" <+4969506086050>
0721*999,0033141057911,0.196633,-0.196633,0,2024-10-15 14:17:25,2024-10-15 14:17:27,out,ANSWERED,347,0,0.196633,out,Dial,Lindenberg,Hotel,SIPNow,0033141057911,colt telecom,"Hotel 001 Hotel" <+4969506086050>
0721*999,0033141057911,0.038533,-0.038533,0,2024-10-15 16:10:43,2024-10-15 16:10:44,out,ANSWERED,68,0,0.038533,out,Dial,Lindenberg,Hotel,SIPNow,0033141057911,colt telecom,"Hotel 001 Hotel" <+4969506086050>
0721*999,060749147900,0.0005,-0.0005,0,2024-10-15 20:50:03,2024-10-15 20:50:35,out,ANSWERED,3,0,0.0005,out,Dial,Lindenberg,Hotel,SIPNow,060749147900,colt telecom,"Hotel 001 Hotel" <+4969506086050>
0721*999,01727664070,0.019438,-0.019438,0,2024-10-15 21:06:51,2024-10-15 21:07:07,out,ANSWERED,107,0,0.019438,out,Dial,Lindenberg,Hotel,SIPNow,01727664070,colt telecom,"Hotel 001 Hotel" <+4969506086050>
0721*999,00491733476851,0.000182,-0.000182,0,2024-10-16 09:04:46,2024-10-16 09:04:54,out,ANSWERED,1,0,0.000182,out,Dial,Lindenberg,Hotel,SIPNow,00491733476851,colt telecom,"Hotel 001 Hotel" <+4969506086050>
0721*999,0033141057911,0.184167,-0.184167,0,2024-10-16 10:47:46,2024-10-16 10:47:47,out,ANSWERED,325,0,0.184167,out,Dial,Lindenberg,Hotel,SIPNow,0033141057911,colt telecom,"Hotel 001 Hotel" <+4969506086050>
0721*999,0033141057911,0.288434,-0.288434,0,2024-10-16 12:12:32,2024-10-16 12:12:33,out,ANSWERED,509,0,0.288434,out,Dial,Lindenberg,Hotel,SIPNow,0033141057911,colt telecom,"Hotel 001 Hotel" <+4969506086050>
0721*999,004969747355000,0.0455,-0.0455,0,2024-10-16 13:15:47,2024-10-16 13:15:48,out,ANSWERED,273,0,0.0455,out,Dial,Lindenberg,Hotel,SIPNow,004969747355000,colt telecom,"Hotel 001 Hotel" <+4969506086050>
0721*999,0033141057911,0.128633,-0.128633,0,2024-10-16 13:58:44,2024-10-16 13:58:45,out,ANSWERED,227,0,0.128633,out,Dial,Lindenberg,Hotel,SIPNow,0033141057911,colt telecom,"Hotel 001 Hotel" <+4969506086050>
0721*999,0033141057911,0.122967,-0.122967,0,2024-10-17 08:47:47,2024-10-17 08:47:48,out,ANSWERED,217,0,0.122967,out,Dial,Lindenberg,Hotel,SIPNow,0033141057911,colt telecom,"Hotel 001 Hotel" <+4969506086050>
0721*999,0033141057911,0.092933,-0.092933,0,2024-10-17 09:59:16,2024-10-17 09:59:17,out,ANSWERED,164,0,0.092933,out,Dial,Lindenberg,Hotel,SIPNow,0033141057911,colt telecom,"Hotel 001 Hotel" <+4969506086050>
0721*999,0033141057911,0.101433,-0.101433,0,2024-10-17 14:06:37,2024-10-17 14:06:38,out,ANSWERED,179,0,0.101433,out,Dial,Lindenberg,Hotel,SIPNow,0033141057911,colt telecom,"Hotel 001 Hotel" <+4969506086050>
0721*999,0033141057911,0.115033,-0.115033,0,2024-10-17 14:40:06,2024-10-17 14:40:07,out,ANSWERED,203,0,0.115033,out,Dial,Lindenberg,Hotel,SIPNow,0033141057911,colt telecom,"Hotel 001 Hotel" <+4969506086050>
0721*999,0033141057911,0.1938,-0.1938,0,2024-10-17 15:10:29,2024-10-17 15:10:30,out,ANSWERED,342,0,0.1938,out,Dial,Lindenberg,Hotel,SIPNow,0033141057911,colt telecom,"Hotel 001 Hotel" <+4969506086050>
0721*999,0033141057911,0.005667,-0.005667,0,2024-10-18 06:25:36,2024-10-18 06:25:37,out,ANSWERED,10,0,0.005667,out,Dial,Lindenberg,Hotel,SIPNow,0033141057911,colt telecom,"Hotel 001 Hotel" <+4969506086050>
0721*999,0033141057911,0.119567,-0.119567,0,2024-10-18 11:14:53,2024-10-18 11:14:54,out,ANSWERED,211,0,0.119567,out,Dial,Lindenberg,Hotel,SIPNow,0033141057911,colt telecom,"Hotel 001 Hotel" <+4969506086050>
0721*999,0033141057911,0.317334,-0.317334,0,2024-10-18 12:57:31,2024-10-18 12:57:32,out,ANSWERED,560,0,0.317334,out,Dial,Lindenberg,Hotel,SIPNow,0033141057911,colt telecom,"Hotel 001 Hotel" <+4969506086050>
0721*999,0033141057912,0.056667,-0.056667,0,2024-10-18 15:50:29,2024-10-18 15:50:31,out,ANSWERED,100,0,0.056667,out,Dial,Lindenberg,Hotel,SIPNow,0033141057912,colt telecom,"Hotel 001 Hotel" <+4969506086050>
0721*999,00436642109076,0.58,-0.58,0,2024-10-18 16:37:49,2024-10-18 16:37:53,out,ANSWERED,115,0,0.58,out,Dial,Lindenberg,Hotel,SIPNow,00436642109076,colt telecom,"Hotel 001 Hotel" <+4969506086050>
0721*999,03020219802,0.043833,-0.043833,0,2024-10-18 17:53:44,2024-10-18 17:53:45,out,ANSWERED,263,0,0.043833,out,Dial,Lindenberg,Hotel,SIPNow,03020219802,colt telecom,"Hotel 001 Hotel" <+4969506086050>
0721*999,0033141057911,0.005667,-0.005667,0,2024-10-20 01:28:37,2024-10-20 01:28:38,out,ANSWERED,10,0,0.005667,out,Dial,Lindenberg,Hotel,SIPNow,0033141057911,colt telecom,"Hotel 001 Hotel" <+4969506086050>
0721*999,0033141057911,0.014167,-0.014167,0,2024-10-20 02:09:53,2024-10-20 02:09:54,out,ANSWERED,25,0,0.014167,out,Dial,Lindenberg,Hotel,SIPNow,0033141057911,colt telecom,"Hotel 001 Hotel" <+4969506086050>
0721*999,0033141057911,0.028333,-0.028333,0,2024-10-20 13:57:38,2024-10-20 13:57:39,out,ANSWERED,50,0,0.028333,out,Dial,Lindenberg,Hotel,SIPNow,0033141057911,colt telecom,"Hotel 001 Hotel" <+4969506086050>
0721*999,0033141057911,0.1445,-0.1445,0,2024-10-21 07:19:51,2024-10-21 07:19:52,out,ANSWERED,255,0,0.1445,out,Dial,Lindenberg,Hotel,SIPNow,0033141057911,colt telecom,"Hotel 001 Hotel" <+4969506086050>
0721*999,0033141057911,0.151867,-0.151867,0,2024-10-21 08:20:17,2024-10-21 08:20:18,out,ANSWERED,268,0,0.151867,out,Dial,Lindenberg,Hotel,SIPNow,0033141057911,colt telecom,"Hotel 001 Hotel" <+4969506086050>
0721*999,0033141057911,0.1105,-0.1105,0,2024-10-21 08:29:15,2024-10-21 08:29:16,out,ANSWERED,195,0,0.1105,out,Dial,Lindenberg,Hotel,SIPNow,0033141057911,colt telecom,"Hotel 001 Hotel" <+4969506086050>
0721*999,0033141057911,0.1173,-0.1173,0,2024-10-21 08:32:53,2024-10-21 08:32:54,out,ANSWERED,207,0,0.1173,out,Dial,Lindenberg,Hotel,SIPNow,0033141057911,colt telecom,"Hotel 001 Hotel" <+4969506086050>
0721*999,0033141057911,0.298634,-0.298634,0,2024-10-21 09:06:08,2024-10-21 09:06:09,out,ANSWERED,527,0,0.298634,out,Dial,Lindenberg,Hotel,SIPNow,0033141057911,colt telecom,"Hotel 001 Hotel" <+4969506086050>
0721*999,0033141057911,0.074233,-0.074233,0,2024-10-21 10:15:56,2024-10-21 10:15:57,out,ANSWERED,131,0,0.074233,out,Dial,Lindenberg,Hotel,SIPNow,0033141057911,colt telecom,"Hotel 001 Hotel" <+4969506086050>
0721*999,02212077500,0.011333,-0.011333,0,2024-10-21 15:56:39,2024-10-21 15:56:39,out,ANSWERED,68,0,0.011333,out,Dial,Lindenberg,Hotel,SIPNow,02212077500,colt telecom,"Hotel 001 Hotel" <+4969506086050>
0721*999,0033141057911,0.006233,-0.006233,0,2024-10-21 19:21:07,2024-10-21 19:21:08,out,ANSWERED,11,0,0.006233,out,Dial,Lindenberg,Hotel,SIPNow,0033141057911,colt telecom,"Hotel 001 Hotel" <+4969506086050>
0721*999,0033141057911,0.155267,-0.155267,0,2024-10-22 07:51:51,2024-10-22 07:51:52,out,ANSWERED,274,0,0.155267,out,Dial,Lindenberg,Hotel,SIPNow,0033141057911,colt telecom,"Hotel 001 Hotel" <+4969506086050>
0721*999,0033141057911,0.137133,-0.137133,0,2024-10-22 08:39:42,2024-10-22 08:39:43,out,ANSWERED,242,0,0.137133,out,Dial,Lindenberg,Hotel,SIPNow,0033141057911,colt telecom,"Hotel 001 Hotel" <+4969506086050>
0721*999,00491635178493,0.00545,-0.00545,0,2024-10-22 11:19:51,2024-10-22 11:20:01,out,ANSWERED,30,0,0.00545,out,Dial,Lindenberg,Hotel,SIPNow,00491635178493,colt telecom,"Hotel 001 Hotel" <+4969506086050>
0721*999,0033141057911,0.094633,-0.094633,0,2024-10-22 11:34:12,2024-10-22 11:34:13,out,ANSWERED,167,0,0.094633,out,Dial,Lindenberg,Hotel,SIPNow,0033141057911,colt telecom,"Hotel 001 Hotel" <+4969506086050>
0721*999,0033141057911,0.209667,-0.209667,0,2024-10-22 11:30:50,2024-10-22 11:30:51,out,ANSWERED,370,0,0.209667,out,Dial,Lindenberg,Hotel,SIPNow,0033141057911,colt telecom,"Hotel 001 Hotel" <+4969506086050>
0721*999,0033141057911,0.2023,-0.2023,0,2024-10-22 11:33:07,2024-10-22 11:33:08,out,ANSWERED,357,0,0.2023,out,Dial,Lindenberg,Hotel,SIPNow,0033141057911,colt telecom,"Hotel 001 Hotel" <+4969506086050>
0721*999,00491635178493,0.011627,-0.011627,0,2024-10-22 13:24:28,2024-10-22 13:24:41,out,ANSWERED,64,0,0.011627,out,Dial,Lindenberg,Hotel,SIPNow,00491635178493,colt telecom,"Hotel 001 Hotel" <+4969506086050>
0721*999,0033141057912,0.162633,-0.162633,0,2024-10-22 13:55:48,2024-10-22 13:55:50,out,ANSWERED,287,0,0.162633,out,Dial,Lindenberg,Hotel,SIPNow,0033141057912,colt telecom,"Hotel 001 Hotel" <+4969506086050>
0721*999,0033141057911,0.130333,-0.130333,0,2024-10-22 14:03:58,2024-10-22 14:03:59,out,ANSWERED,230,0,0.130333,out,Dial,Lindenberg,Hotel,SIPNow,0033141057911,colt telecom,"Hotel 001 Hotel" <+4969506086050>
0721*999,01725605399,0.03379,-0.03379,0,2024-10-22 17:24:34,2024-10-22 17:24:39,out,ANSWERED,186,0,0.03379,out,Dial,Lindenberg,Hotel,SIPNow,01725605399,colt telecom,"Hotel 001 Hotel" <+4969506086050>
0721*999,0033141057911,0.0119,-0.0119,0,2024-10-22 17:38:43,2024-10-22 17:38:44,out,ANSWERED,21,0,0.0119,out,Dial,Lindenberg,Hotel,SIPNow,0033141057911,colt telecom,"Hotel 001 Hotel" <+4969506086050>
0721*999,015115675276,0.003633,-0.003633,0,2024-10-22 17:58:05,2024-10-22 17:58:13,out,ANSWERED,20,0,0.003633,out,Dial,Lindenberg,Hotel,SIPNow,015115675276,colt telecom,"Hotel 001 Hotel" <+4969506086050>
0721*999,01736601901,0.005087,-0.005087,0,2024-10-22 20:18:51,2024-10-22 20:19:03,out,ANSWERED,28,0,0.005087,out,Dial,Lindenberg,Hotel,SIPNow,01736601901,colt telecom,"Hotel 001 Hotel" <+4969506086050>
0721*999,0033141057911,0.271433,-0.271433,0,2024-10-23 07:03:18,2024-10-23 07:03:20,out,ANSWERED,479,0,0.271433,out,Dial,Lindenberg,Hotel,SIPNow,0033141057911,colt telecom,"Hotel 001 Hotel" <+4969506086050>
0721*999,0033141057911,0.247633,-0.247633,0,2024-10-23 09:14:22,2024-10-23 09:14:23,out,ANSWERED,437,0,0.247633,out,Dial,Lindenberg,Hotel,SIPNow,0033141057911,colt telecom,"Hotel 001 Hotel" <+4969506086050>
0721*999,0033141057911,0.224967,-0.224967,0,2024-10-23 10:21:49,2024-10-23 10:21:50,out,ANSWERED,397,0,0.224967,out,Dial,Lindenberg,Hotel,SIPNow,0033141057911,colt telecom,"Hotel 001 Hotel" <+4969506086050>
0721*999,0033141057911,0.1887,-0.1887,0,2024-10-23 10:48:58,2024-10-23 10:48:59,out,ANSWERED,333,0,0.1887,out,Dial,Lindenberg,Hotel,SIPNow,0033141057911,colt telecom,"Hotel 001 Hotel" <+4969506086050>
0721*999,0033141057911,0.118433,-0.118433,0,2024-10-23 13:27:45,2024-10-23 13:27:46,out,ANSWERED,209,0,0.118433,out,Dial,Lindenberg,Hotel,SIPNow,0033141057911,colt telecom,"Hotel 001 Hotel" <+4969506086050>
0721*999,0033141057912,0.2346,-0.2346,0,2024-10-23 14:13:32,2024-10-23 14:13:34,out,ANSWERED,414,0,0.2346,out,Dial,Lindenberg,Hotel,SIPNow,0033141057912,colt telecom,"Hotel 001 Hotel" <+4969506086050>
0721*999,017644206291,0.006903,-0.006903,0,2024-10-23 19:49:43,2024-10-23 19:50:00,out,ANSWERED,38,0,0.006903,out,Dial,Lindenberg,Hotel,SIPNow,017644206291,colt telecom,"Hotel 001 Hotel" <+4969506086050>
0721*999,02284333112,0.043,-0.043,0,2024-10-24 08:18:55,2024-10-24 08:18:57,out,ANSWERED,258,0,0.043,out,Dial,Lindenberg,Hotel,SIPNow,02284333112,colt telecom,"Hotel 001 Hotel" <+4969506086050>
0721*999,0033141057911,0.0221,-0.0221,0,2024-10-26 01:33:29,2024-10-26 01:33:30,out,ANSWERED,39,0,0.0221,out,Dial,Lindenberg,Hotel,SIPNow,0033141057911,colt telecom,"Hotel 001 Hotel" <+4969506086050>
0721*999,0033141057911,0.0068,-0.0068,0,2024-10-26 01:44:18,2024-10-26 01:44:20,out,ANSWERED,12,0,0.0068,out,Dial,Lindenberg,Hotel,SIPNow,0033141057911,colt telecom,"Hotel 001 Hotel" <+4969506086050>
0721*999,01741746442,0.005087,-0.005087,0,2024-10-26 08:30:13,2024-10-26 08:30:34,out,ANSWERED,28,0,0.005087,out,Dial,Lindenberg,Hotel,SIPNow,01741746442,colt telecom,"Hotel 001 Hotel" <+4969506086050>
0721*999,0033141057911,0.0085,-0.0085,0,2024-10-26 17:52:11,2024-10-26 17:52:12,out,ANSWERED,15,0,0.0085,out,Dial,Lindenberg,Hotel,SIPNow,0033141057911,colt telecom,"Hotel 001 Hotel" <+4969506086050>
0721*999,0033141057911,0.009067,-0.009067,0,2024-10-27 04:49:14,2024-10-27 04:49:15,out,ANSWERED,16,0,0.009067,out,Dial,Lindenberg,Hotel,SIPNow,0033141057911,colt telecom,"Hotel 001 Hotel" <+4969506086050>
0721*999,01738257462,0.020347,-0.020347,0,2024-10-28 10:35:01,2024-10-28 10:35:18,out,ANSWERED,112,0,0.020347,out,Dial,Lindenberg,Hotel,SIPNow,01738257462,colt telecom,"Hotel 001 Hotel" <+4969506086050>
0721*999,06921241166,0.013833,-0.013833,0,2024-10-28 11:58:41,2024-10-28 11:58:49,out,ANSWERED,83,0,0.013833,out,Dial,Lindenberg,Hotel,SIPNow,06921241166,colt telecom,"Hotel 001 Hotel" <+4969506086050>
0721*999,017661758339,0.000727,-0.000727,0,2024-10-28 12:49:08,2024-10-28 12:49:25,out,ANSWERED,4,0,0.000727,out,Dial,Lindenberg,Hotel,SIPNow,017661758339,colt telecom,"Hotel 001 Hotel" <+4969506086050>
0721*999,0033141057911,0.0153,-0.0153,0,2024-10-28 13:29:13,2024-10-28 13:29:14,out,ANSWERED,27,0,0.0153,out,Dial,Lindenberg,Hotel,SIPNow,0033141057911,colt telecom,"Hotel 001 Hotel" <+4969506086050>
0721*999,06959772140,0.013167,-0.013167,0,2024-10-29 06:38:38,2024-10-29 06:38:40,out,ANSWERED,79,0,0.013167,out,Dial,Lindenberg,Hotel,SIPNow,06959772140,colt telecom,"Hotel 001 Hotel" <+4969506086050>
0721*999,06959772140,0.001167,-0.001167,0,2024-10-29 08:28:28,2024-10-29 08:28:30,out,ANSWERED,7,0,0.001167,out,Dial,Lindenberg,Hotel,SIPNow,06959772140,colt telecom,"Hotel 001 Hotel" <+4969506086050>
0721*999,0033141057911,0.230633,-0.230633,0,2024-10-29 09:49:18,2024-10-29 09:49:19,out,ANSWERED,407,0,0.230633,out,Dial,Lindenberg,Hotel,SIPNow,0033141057911,colt telecom,"Hotel 001 Hotel" <+4969506086050>
0721*999,0033141057911,0.269167,-0.269167,0,2024-10-29 15:04:51,2024-10-29 15:04:52,out,ANSWERED,475,0,0.269167,out,Dial,Lindenberg,Hotel,SIPNow,0033141057911,colt telecom,"Hotel 001 Hotel" <+4969506086050>
0721*999,0033141057911,0.145067,-0.145067,0,2024-10-30 08:46:20,2024-10-30 08:46:22,out,ANSWERED,256,0,0.145067,out,Dial,Lindenberg,Hotel,SIPNow,0033141057911,colt telecom,"Hotel 001 Hotel" <+4969506086050>
0721*999,0033141057911,0.234033,-0.234033,0,2024-10-30 08:45:47,2024-10-30 08:45:48,out,ANSWERED,413,0,0.234033,out,Dial,Lindenberg,Hotel,SIPNow,0033141057911,colt telecom,"Hotel 001 Hotel" <+4969506086050>
0721*999,01796909231,0.006358,-0.006358,0,2024-10-30 08:58:59,2024-10-30 08:59:05,out,ANSWERED,35,0,0.006358,out,Dial,Lindenberg,Hotel,SIPNow,01796909231,colt telecom,"Hotel 001 Hotel" <+4969506086050>
0721*999,00491747300539,0.007812,-0.007812,0,2024-10-30 09:14:03,2024-10-30 09:14:09,out,ANSWERED,43,0,0.007812,out,Dial,Lindenberg,Hotel,SIPNow,00491747300539,colt telecom,"Hotel 001 Hotel" <+4969506086050>
0721*999,0033141057911,0.1751,-0.1751,0,2024-10-30 10:25:06,2024-10-30 10:25:07,out,ANSWERED,309,0,0.1751,out,Dial,Lindenberg,Hotel,SIPNow,0033141057911,colt telecom,"Hotel 001 Hotel" <+4969506086050>
0721*999,00491782745859,0.004723,-0.004723,0,2024-10-30 13:59:11,2024-10-30 13:59:25,out,ANSWERED,26,0,0.004723,out,Dial,Lindenberg,Hotel,SIPNow,00491782745859,colt telecom,"Hotel 001 Hotel" <+4969506086050>
0721*999,0033141057911,0.126933,-0.126933,0,2024-10-30 15:58:01,2024-10-30 15:58:02,out,ANSWERED,224,0,0.126933,out,Dial,Lindenberg,Hotel,SIPNow,0033141057911,colt telecom,"Hotel 001 Hotel" <+4969506086050>
0721*999,004915510364601,0.000727,-0.000727,0,2024-10-30 16:07:16,2024-10-30 16:07:48,out,ANSWERED,4,0,0.000727,out,Dial,Lindenberg,Hotel,SIPNow,004915510364601,colt telecom,"Hotel 001 Hotel" <+4969506086050>
0721*999,0033141057911,0.2023,-0.2023,0,2024-10-30 16:15:35,2024-10-30 16:15:36,out,ANSWERED,357,0,0.2023,out,Dial,Lindenberg,Hotel,SIPNow,0033141057911,colt telecom,"Hotel 001 Hotel" <+4969506086050>
0721*999,0033141057911,0.0238,-0.0238,0,2024-10-30 17:01:34,2024-10-30 17:01:35,out,ANSWERED,42,0,0.0238,out,Dial,Lindenberg,Hotel,SIPNow,0033141057911,colt telecom,"Hotel 001 Hotel" <+4969506086050>
0721*999,0033141057912,0.075367,-0.075367,0,2024-10-30 19:09:29,2024-10-30 19:09:31,out,ANSWERED,133,0,0.075367,out,Dial,Lindenberg,Hotel,SIPNow,0033141057912,colt telecom,"Hotel 001 Hotel" <+4969506086050>
0721*999,0033141057911,0.1819,-0.1819,0,2024-10-31 10:50:00,2024-10-31 10:50:01,out,ANSWERED,321,0,0.1819,out,Dial,Lindenberg,Hotel,SIPNow,0033141057911,colt telecom,"Hotel 001 Hotel" <+4969506086050>
0721*999,0033141057911,0.081033,-0.081033,0,2024-10-31 11:00:00,2024-10-31 11:00:01,out,ANSWERED,143,0,0.081033,out,Dial,Lindenberg,Hotel,SIPNow,0033141057911,colt telecom,"Hotel 001 Hotel" <+4969506086050>
0721*999,0033141057911,0.236867,-0.236867,0,2024-10-31 11:38:58,2024-10-31 11:38:59,out,ANSWERED,418,0,0.236867,out,Dial,Lindenberg,Hotel,SIPNow,0033141057911,colt telecom,"Hotel 001 Hotel" <+4969506086050>
0721*999,0033141057911,0.1139,-0.1139,0,2024-10-31 12:51:13,2024-10-31 12:51:14,out,ANSWERED,201,0,0.1139,out,Dial,Lindenberg,Hotel,SIPNow,0033141057911,colt telecom,"Hotel 001 Hotel" <+4969506086050>
0721*999,0033141057911,0.111067,-0.111067,0,2024-10-31 12:55:15,2024-10-31 12:55:16,out,ANSWERED,196,0,0.111067,out,Dial,Lindenberg,Hotel,SIPNow,0033141057911,colt telecom,"Hotel 001 Hotel" <+4969506086050>
0721*999,00491622049329,0.005813,-0.005813,0,2024-10-31 12:58:53,2024-10-31 12:59:04,out,ANSWERED,32,0,0.005813,out,Dial,Lindenberg,Hotel,SIPNow,00491622049329,colt telecom,"Hotel 001 Hotel" <+4969506086050>
0721*999,0033141057911,0.164333,-0.164333,0,2024-10-31 14:52:22,2024-10-31 14:52:23,out,ANSWERED,290,0,0.164333,out,Dial,Lindenberg,Hotel,SIPNow,0033141057911,colt telecom,"Hotel 001 Hotel" <+4969506086050>
0721*999,0033141057911,0.1156,-0.1156,0,2024-10-31 15:15:27,2024-10-31 15:15:28,out,ANSWERED,204,0,0.1156,out,Dial,Lindenberg,Hotel,SIPNow,0033141057911,colt telecom,"Hotel 001 Hotel" <+4969506086050>
0721*999,00442071512460,0.006233,-0.006233,0,2024-10-31 21:27:35,2024-10-31 21:27:41,out,ANSWERED,11,0,0.006233,out,Dial,Lindenberg,Hotel,SIPNow,00442071512460,colt telecom,"Hotel 001 Hotel" <+4969506086050>
