From number,To number,Admin profit,Service provider profit,Organization profit,Call started,Call answered,Call type,Call disposition,Duration,Cost,Profit,Flow,Application,Organization,User,Service provider,Channel prefix,Channel name,Caller ID
0135*105,015780531193,0.101733,-0.101733,0,2024-10-01 06:41:18,2024-10-01 06:41:24,out,ANSWERED,560,0,0.101733,out,Dial,Prinz,Besprechungsraum,SIPNow,015780531193,colt telecom,+491736145381
0135*103,08924427777,0.039667,-0.039667,0,2024-10-01 06:47:31,2024-10-01 06:47:33,out,ANSWERED,238,0,0.039667,out,Dial,Prinz,Kraft,SIPNow,08924427777,colt telecom,"Adrian Kraft" <+492616799103>
0135*105,015780531193,0.134797,-0.134797,0,2024-10-01 06:51:57,2024-10-01 06:52:11,out,ANSWERED,742,0,0.134797,out,Dial,Prinz,Besprechungsraum,SIPNow,015780531193,colt telecom,+4915154463150
0135*001,02616799106,0.002833,-0.002833,0,2024-10-02 06:31:50,2024-10-02 06:31:55,out,ANSWERED,17,0,0.002833,out,Dial,Prinz,Zentrale,SIPNow,02616799106,colt telecom,+4989244183392
0135*001,02616799106,0.005333,-0.005333,0,2024-10-02 10:52:37,2024-10-02 10:52:43,out,ANSWERED,32,0,0.005333,out,Dial,Prinz,Zentrale,SIPNow,02616799106,colt telecom,+49228184990
0135*105,015780531193,0.025252,-0.025252,0,2024-10-02 11:04:28,2024-10-02 11:04:40,out,ANSWERED,139,0,0.025252,out,Dial,Prinz,Besprechungsraum,SIPNow,015780531193,colt telecom,+49225114206
0135*105,015780531193,0.012353,-0.012353,0,2024-10-07 09:10:49,2024-10-07 09:11:07,out,ANSWERED,68,0,0.012353,out,Dial,Prinz,Besprechungsraum,SIPNow,015780531193,colt telecom,+496581926315
0135*001,02616799106,0.006667,-0.006667,0,2024-10-07 09:22:41,2024-10-07 09:22:47,out,ANSWERED,40,0,0.006667,out,Dial,Prinz,Zentrale,SIPNow,02616799106,colt telecom,+49692044600235
0135*106,+491712672307,0.020528,-0.020528,0,2024-10-08 09:09:40,2024-10-08 09:09:55,out,ANSWERED,113,0,0.020528,out,Dial,Prinz,Ternes,SIPNow,+491712672307,colt telecom,"Kerstin Ternes" <+492616799106>
0135*106,+491712672307,0.000545,-0.000545,0,2024-10-09 07:42:36,2024-10-09 07:42:45,out,ANSWERED,3,0,0.000545,out,Dial,Prinz,Ternes,SIPNow,+491712672307,colt telecom,"Kerstin Ternes" <+492616799106>
0135*106,+491712672307,0.060858,-0.060858,0,2024-10-09 09:37:18,2024-10-09 09:37:25,out,ANSWERED,335,0,0.060858,out,Dial,Prinz,Ternes,SIPNow,+491712672307,colt telecom,"Kerstin Ternes" <+492616799106>
0135*001,02616799106,0.001333,-0.001333,0,2024-10-09 09:57:40,2024-10-09 09:57:44,out,ANSWERED,8,0,0.001333,out,Dial,Prinz,Zentrale,SIPNow,02616799106,colt telecom,+4915251686923
0135*106,+49261671703,0,0,0,2024-10-10 08:02:03,2024-10-10 08:02:16,out,ANSWERED,441,0,0,out,Dial,Prinz,Ternes,SIPNow,+49261671703,colt telecom,"Kerstin Ternes" <+492616799106>
0135*105,015780531193,0.049595,-0.049595,0,2024-10-10 09:00:59,2024-10-10 09:01:16,out,ANSWERED,273,0,0.049595,out,Dial,Prinz,Besprechungsraum,SIPNow,015780531193,colt telecom,+4963614510
0135*106,+49204120590,0,0,0,2024-10-10 10:44:28,2024-10-10 10:44:36,out,ANSWERED,61,0,0,out,Dial,Prinz,Ternes,SIPNow,+49204120590,colt telecom,"Kerstin Ternes" <+492616799106>
0135*106,017660033569,0.099008,-0.099008,0,2024-10-10 13:38:19,2024-10-10 13:38:27,out,ANSWERED,544,0,0.099008,out,Dial,Prinz,Ternes,SIPNow,017660033569,colt telecom,"Kerstin Ternes" <+492616799106>
0135*106,017660033569,0.01962,-0.01962,0,2024-10-10 13:53:59,2024-10-10 13:54:05,out,ANSWERED,108,0,0.01962,out,Dial,Prinz,Ternes,SIPNow,017660033569,colt telecom,"Kerstin Ternes" <+492616799106>
0135*106,+491733159966,0.183302,-0.183302,0,2024-10-10 15:20:33,2024-10-10 15:20:41,out,ANSWERED,1009,0,0.183302,out,Dial,Prinz,Ternes,SIPNow,+491733159966,colt telecom,"Kerstin Ternes" <+492616799106>
0135*106,02171491504,0.009333,-0.009333,0,2024-10-11 08:38:36,2024-10-11 08:38:49,out,ANSWERED,56,0,0.009333,out,Dial,Prinz,Ternes,SIPNow,02171491504,colt telecom,"Kerstin Ternes" <+492616799106>
0135*106,01754340055,0.289758,-0.289758,0,2024-10-11 09:07:45,2024-10-11 09:07:55,out,ANSWERED,1595,0,0.289758,out,Dial,Prinz,Ternes,SIPNow,01754340055,colt telecom,"Kerstin Ternes" <+492616799106>
0135*105,015780531193,0.128802,-0.128802,0,2024-10-11 09:41:01,2024-10-11 09:41:07,out,ANSWERED,709,0,0.128802,out,Dial,Prinz,Besprechungsraum,SIPNow,015780531193,colt telecom,+491726879103
0135*001,02616799106,0.000333,-0.000333,0,2024-10-14 06:44:22,2024-10-14 06:44:32,out,ANSWERED,2,0,0.000333,out,Dial,Prinz,Zentrale,SIPNow,02616799106,colt telecom,+4915510461880
0135*105,015780531193,0.079933,-0.079933,0,2024-10-14 11:48:56,2024-10-14 11:49:23,out,ANSWERED,440,0,0.079933,out,Dial,Prinz,Besprechungsraum,SIPNow,015780531193,colt telecom,+496341288313
0135*105,015780531193,0.073938,-0.073938,0,2024-10-14 16:33:49,2024-10-14 16:34:04,out,ANSWERED,407,0,0.073938,out,Dial,Prinz,Besprechungsraum,SIPNow,015780531193,colt telecom,+491748362687
0135*105,015780531193,0.05232,-0.05232,0,2024-10-15 08:42:53,2024-10-15 08:43:00,out,ANSWERED,288,0,0.05232,out,Dial,Prinz,Besprechungsraum,SIPNow,015780531193,colt telecom,+4961426920640
0135*106,+49204120590,0,0,0,2024-10-15 09:09:55,2024-10-15 09:10:01,out,ANSWERED,1076,0,0,out,Dial,Prinz,Ternes,SIPNow,+49204120590,colt telecom,"Kerstin Ternes" <+492616799106>
0135*106,01794913524,0.048323,-0.048323,0,2024-10-15 13:00:50,2024-10-15 13:00:59,out,ANSWERED,266,0,0.048323,out,Dial,Prinz,Ternes,SIPNow,01794913524,colt telecom,"Kerstin Ternes" <+492616799106>
0135*106,017670386692,0.023072,-0.023072,0,2024-10-16 09:09:58,2024-10-16 09:10:08,out,ANSWERED,127,0,0.023072,out,Dial,Prinz,Ternes,SIPNow,017670386692,colt telecom,"Kerstin Ternes" <+492616799106>
0135*142,017670729044,0.056862,-0.056862,0,2024-10-16 10:07:49,2024-10-16 10:07:59,out,ANSWERED,313,0,0.056862,out,Dial,Prinz,Lückenbach,SIPNow,017670729044,colt telecom,+492611296512
0135*106,0261291850,0.009667,-0.009667,0,2024-10-16 14:39:12,2024-10-16 14:39:15,out,ANSWERED,58,0,0.009667,out,Dial,Prinz,Ternes,SIPNow,0261291850,colt telecom,"Kerstin Ternes" <+492616799106>
0135*106,+4917610353383,0.023617,-0.023617,0,2024-10-17 07:00:34,2024-10-17 07:00:42,out,ANSWERED,130,0,0.023617,out,Dial,Prinz,Ternes,SIPNow,+4917610353383,colt telecom,"Kerstin Ternes" <+492616799106>
0135*106,025114450549,0.033333,-0.033333,0,2024-10-17 07:42:21,2024-10-17 07:42:30,out,ANSWERED,200,0,0.033333,out,Dial,Prinz,Ternes,SIPNow,025114450549,colt telecom,"Kerstin Ternes" <+492616799106>
0135*106,025114450524,0.0215,-0.0215,0,2024-10-17 07:45:58,2024-10-17 07:46:18,out,ANSWERED,129,0,0.0215,out,Dial,Prinz,Ternes,SIPNow,025114450524,colt telecom,"Kerstin Ternes" <+492616799106>
0135*105,015780531193,0.029067,-0.029067,0,2024-10-17 08:27:20,2024-10-17 08:27:29,out,ANSWERED,160,0,0.029067,out,Dial,Prinz,Besprechungsraum,SIPNow,015780531193,colt telecom,+49643122321
0135*105,015780531193,0.128802,-0.128802,0,2024-10-17 11:03:28,2024-10-17 11:03:42,out,ANSWERED,709,0,0.128802,out,Dial,Prinz,Besprechungsraum,SIPNow,015780531193,colt telecom,+4976616299863
0135*105,015780531193,0.01744,-0.01744,0,2024-10-18 07:07:31,2024-10-18 07:07:52,out,ANSWERED,96,0,0.01744,out,Dial,Prinz,Besprechungsraum,SIPNow,015780531193,colt telecom,+49636122506
0135*106,02114482557,0.022333,-0.022333,0,2024-10-18 07:58:45,2024-10-18 07:58:55,out,ANSWERED,134,0,0.022333,out,Dial,Prinz,Ternes,SIPNow,02114482557,colt telecom,"Kerstin Ternes" <+492616799106>
0135*106,01774415100,0.017985,-0.017985,0,2024-10-18 08:01:29,2024-10-18 08:01:44,out,ANSWERED,99,0,0.017985,out,Dial,Prinz,Ternes,SIPNow,01774415100,colt telecom,"Kerstin Ternes" <+492616799106>
0135*106,+4917681090737,0.000545,-0.000545,0,2024-10-18 09:08:06,2024-10-18 09:08:22,out,ANSWERED,3,0,0.000545,out,Dial,Prinz,Ternes,SIPNow,+4917681090737,colt telecom,"Kerstin Ternes" <+492616799106>
0135*106,+491712672307,0.09483,-0.09483,0,2024-10-21 06:41:57,2024-10-21 06:42:02,out,ANSWERED,522,0,0.09483,out,Dial,Prinz,Ternes,SIPNow,+491712672307,colt telecom,"Kerstin Ternes" <+492616799106>
0135*106,+491712672307,0.015623,-0.015623,0,2024-10-21 07:10:48,2024-10-21 07:10:54,out,ANSWERED,86,0,0.015623,out,Dial,Prinz,Ternes,SIPNow,+491712672307,colt telecom,"Kerstin Ternes" <+492616799106>
0135*103,01622617165,0.007085,-0.007085,0,2024-10-21 08:32:10,2024-10-21 08:32:12,out,ANSWERED,39,0,0.007085,out,Dial,Prinz,Kraft,SIPNow,01622617165,colt telecom,"Adrian Kraft" <+492616799103>
0135*106,0265399910,0.111167,-0.111167,0,2024-10-21 13:41:22,2024-10-21 13:41:31,out,ANSWERED,667,0,0.111167,out,Dial,Prinz,Ternes,SIPNow,0265399910,colt telecom,"Kerstin Ternes" <+492616799106>
0135*105,015780531193,0.0109,-0.0109,0,2024-10-22 08:46:48,2024-10-22 08:47:14,out,ANSWERED,60,0,0.0109,out,Dial,Prinz,Besprechungsraum,SIPNow,015780531193,colt telecom,+496332929690
0135*106,+492223907481,0,0,0,2024-10-23 09:00:49,2024-10-23 09:00:57,out,ANSWERED,192,0,0,out,Dial,Prinz,Ternes,SIPNow,+492223907481,colt telecom,"Kerstin Ternes" <+492616799106>
0135*106,+49204120590,0,0,0,2024-10-23 09:05:16,2024-10-23 09:05:29,out,ANSWERED,249,0,0,out,Dial,Prinz,Ternes,SIPNow,+49204120590,colt telecom,"Kerstin Ternes" <+492616799106>
0135*106,+492223907481,0,0,0,2024-10-23 11:40:34,2024-10-23 11:40:55,out,ANSWERED,3,0,0,out,Dial,Prinz,Ternes,SIPNow,+492223907481,colt telecom,"Kerstin Ternes" <+492616799106>
0135*106,01795936802,0.000363,-0.000363,0,2024-10-23 11:41:23,2024-10-23 11:41:49,out,ANSWERED,2,0,0.000363,out,Dial,Prinz,Ternes,SIPNow,01795936802,colt telecom,"Kerstin Ternes" <+492616799106>
0135*106,+492223907481,0,0,0,2024-10-23 12:58:37,2024-10-23 12:58:46,out,ANSWERED,164,0,0,out,Dial,Prinz,Ternes,SIPNow,+492223907481,colt telecom,"Kerstin Ternes" <+492616799106>
0135*106,+491704641588,0.008902,-0.008902,0,2024-10-25 06:18:29,2024-10-25 06:18:51,out,ANSWERED,49,0,0.008902,out,Dial,Prinz,Ternes,SIPNow,+491704641588,colt telecom,"Kerstin Ternes" <+492616799106>
0135*106,026198826563,0.005833,-0.005833,0,2024-10-25 11:38:12,2024-10-25 11:38:20,out,ANSWERED,35,0,0.005833,out,Dial,Prinz,Ternes,SIPNow,026198826563,colt telecom,"Kerstin Ternes" <+492616799106>
0135*105,015780531193,0.080842,-0.080842,0,2024-10-28 12:42:29,2024-10-28 12:42:53,out,ANSWERED,445,0,0.080842,out,Dial,Prinz,Besprechungsraum,SIPNow,015780531193,colt telecom,+495673503160
0135*106,01733159966,0.099008,-0.099008,0,2024-10-28 13:32:35,2024-10-28 13:32:44,out,ANSWERED,545,0,0.099008,out,Dial,Prinz,Ternes,SIPNow,01733159966,colt telecom,"Kerstin Ternes" <+492616799106>
0135*001,02616799106,0.005833,-0.005833,0,2024-10-29 09:20:05,2024-10-29 09:20:10,out,ANSWERED,35,0,0.005833,out,Dial,Prinz,Zentrale,SIPNow,02616799106,colt telecom,+4962186239711
0135*105,015780531193,0.075755,-0.075755,0,2024-10-29 13:11:53,2024-10-29 13:12:22,out,ANSWERED,417,0,0.075755,out,Dial,Prinz,Besprechungsraum,SIPNow,015780531193,colt telecom,+49654387801654
0135*105,015780531193,0.123715,-0.123715,0,2024-10-30 10:35:30,2024-10-30 10:35:42,out,ANSWERED,681,0,0.123715,out,Dial,Prinz,Besprechungsraum,SIPNow,015780531193,colt telecom,+49221339819340
0135*105,015780531193,0.049595,-0.049595,0,2024-10-30 12:22:54,2024-10-30 12:23:14,out,ANSWERED,273,0,0.049595,out,Dial,Prinz,Besprechungsraum,SIPNow,015780531193,colt telecom,+4915156079757
0135*106,+491712672307,0.000545,-0.000545,0,2024-10-30 13:44:09,2024-10-30 13:44:26,out,ANSWERED,3,0,0.000545,out,Dial,Prinz,Ternes,SIPNow,+491712672307,colt telecom,"Kerstin Ternes" <+492616799106>
0135*106,+491712672307,0.000727,-0.000727,0,2024-10-31 09:12:08,2024-10-31 09:12:22,out,ANSWERED,3,0,0.000727,out,Dial,Prinz,Ternes,SIPNow,+491712672307,colt telecom,"Kerstin Ternes" <+492616799106>
0135*106,+491712672307,0.032155,-0.032155,0,2024-10-31 09:24:54,2024-10-31 09:25:01,out,ANSWERED,177,0,0.032155,out,Dial,Prinz,Ternes,SIPNow,+491712672307,colt telecom,"Kerstin Ternes" <+492616799106>
0135*106,015172030944,0.074665,-0.074665,0,2024-10-31 10:29:41,2024-10-31 10:30:01,out,ANSWERED,411,0,0.074665,out,Dial,Prinz,Ternes,SIPNow,015172030944,colt telecom,"Kerstin Ternes" <+492616799106>
